{"cameraMode":{"drawMode":0,"name":"Shaded","section":"Shading Mode"},"sceneLighting":false,"audioPlay":false,"sceneViewState":{"showFog":true,"showMaterialUpdate":false,"showSkybox":true,"showFlares":true,"showImageEffects":true,"showParticleSystems":true},"in2DMode":false,"pivot":{"x":21.082000732421876,"y":0.41999998688697817,"z":0.0},"rotation":{"x":0.17115238308906556,"y":0.49631693959236147,"z":-0.10051000863313675,"w":0.8451473712921143},"size":66.13227081298828,"orthographic":false}